Feature,Importance
num__Age,0.38950202355757024
num__NumOfProducts,0.2907454104494867
num__EngagementProductInteraction,0.07890202064518438
num__Balance,0.06258197566619196
cat__Geography_Germany,0.050791922617775806
num__IsActiveMember,0.043311468761424096
num__BalanceSalaryRatio,0.02498860069530559
num__CreditScore,0.016017630351047273
num__EstimatedSalary,0.014377962120712247
num__AgeTenureInteraction,0.009435847457609158
cat__Gender_Female,0.0076150825324978405
cat__Gender_Male,0.005626544980930821
num__ProductDensity,0.0031295968834012785
cat__Geography_France,0.0015964745160951383
num__HasCrCard,0.00102150016639682
num__Tenure,0.0003052060094356008
cat__Geography_Spain,5.073258893487004e-05
num__Year,0.0
