Feature,SHAPValue,AbsoluteSHAP
num__NumOfProducts,-1.0242925990912062,1.0242925990912062
num__Age,-0.5458005619131462,0.5458005619131462
num__BalanceSalaryRatio,-0.15587633838517317,0.15587633838517317
num__EngagementProductInteraction,0.13809620809447523,0.13809620809447523
cat__Gender_Female,-0.10391977754533023,0.10391977754533023
cat__Geography_Germany,-0.0977791099465354,0.0977791099465354
num__IsActiveMember,0.0912133186987722,0.0912133186987722
cat__Gender_Male,-0.07257374052140926,0.07257374052140926
cat__Geography_France,-0.04471958645079437,0.04471958645079437
num__EstimatedSalary,-0.03147130919120703,0.03147130919120703
num__Balance,-0.027672491974940587,0.027672491974940587
num__CreditScore,0.01271606159816016,0.01271606159816016
num__ProductDensity,-0.008741393527016934,0.008741393527016934
num__AgeTenureInteraction,0.006776107458734165,0.006776107458734165
num__HasCrCard,-0.005435417623320108,0.005435417623320108
cat__Geography_Spain,-0.00017845536719112624,0.00017845536719112624
num__Tenure,0.00011870013061324556,0.00011870013061324556
num__Year,0.0,0.0
