Feature,MeanAbsoluteSHAP
num__NumOfProducts,0.7884039055884655
num__Age,0.7323731712499929
cat__Geography_Germany,0.22075641927519934
num__EngagementProductInteraction,0.20489305410542277
num__BalanceSalaryRatio,0.1310116189842393
cat__Gender_Female,0.12627669125697838
num__IsActiveMember,0.1252768721754299
num__Balance,0.09228677283357395
cat__Gender_Male,0.07799712510638997
num__EstimatedSalary,0.06163769909200319
num__CreditScore,0.04396851101487967
cat__Geography_France,0.0380714856687423
num__AgeTenureInteraction,0.03421436414616745
num__ProductDensity,0.025070708283418494
num__HasCrCard,0.015699540688957937
cat__Geography_Spain,0.0009408554451191425
num__Tenure,0.0003932450272164867
num__Year,0.0
