Threshold,Precision,Recall,F1 Score
0.2,0.5097087378640777,0.773955773955774,0.6146341463414634
0.25,0.5765407554671969,0.7125307125307125,0.6373626373626373
0.3,0.6211764705882353,0.6486486486486487,0.6346153846153846
0.35,0.667574931880109,0.601965601965602,0.6330749354005168
0.4,0.709375,0.5577395577395577,0.624484181568088
0.45,0.7473309608540926,0.515970515970516,0.6104651162790697
0.5,0.7817460317460317,0.48402948402948404,0.5978755690440061
0.55,0.8325358851674641,0.4275184275184275,0.564935064935065
0.6,0.8641304347826086,0.3906633906633907,0.5380710659898477
0.65,0.8902439024390244,0.35872235872235875,0.51138353765324
0.7,0.9166666666666666,0.32432432432432434,0.4791288566243194
0.75,0.904,0.27764127764127766,0.424812030075188
0.8,0.9215686274509803,0.23095823095823095,0.3693516699410609
